{
    "camera_position": {
        "camera_pos": [
            686.0344264690781,
            117.94582135739904,
            1878.4914861722982
        ],
        "focal_point": [
            288.84342121235466,
            253.00111710835196,
            -41.94711973042714
        ],
        "view_up": [
            -0.8735761037998839,
            -0.4636157148272301,
            0.1480718063476329
        ]
    },
    "view_angle": 30.0
}